USER,DATE,FIRST LOGIN,LAST LOGOUT,IS LATE
Esmaria,"Aug. 25, 2024",5:12 am,5:35 pm,No
Gizela,"Aug. 25, 2024",5:08 am,6:43 pm,No
Eleen,"Aug. 25, 2024",5:20 am,9:41 pm,No
Fredrika,"Aug. 25, 2024",5:43 am,3:41 pm,No
Geoffry,"Aug. 25, 2024",5:35 am,9:49 pm,No
Daniel,"Aug. 25, 2024",7:34 am,10:11 pm,No
Norrie,"Aug. 25, 2024",7:02 am,6:33 pm,No
Kristofor,"Aug. 25, 2024",6:52 am,8:53 pm,No
Boycey,"Aug. 25, 2024",7:03 am,9:40 pm,No
Catlin,"Aug. 26, 2024",10:40 am,10:16 pm,Yes
Brittney,"Aug. 26, 2024",9:59 am,7:34 pm,Yes
Jarvis,"Aug. 26, 2024",6:11 am,8:44 pm,No
Daffie,"Aug. 26, 2024",10:33 am,4:39 pm,Yes
Karel,"Aug. 26, 2024",6:58 am,4:56 pm,No
Beulah,"Aug. 26, 2024",7:50 am,4:35 pm,No
Devondra,"Aug. 26, 2024",6:59 am,8:51 pm,No
Gustaf,"Aug. 26, 2024",11:04 am,7:37 pm,Yes
Nerte,"Aug. 25, 2024",8:22 am,9:27 pm,Yes
Emmerich,"Aug. 25, 2024",9:49 am,4:42 pm,Yes
Saundra,"Aug. 25, 2024",8:07 am,6:59 pm,Yes
Madelene,"Aug. 25, 2024",9:26 am,6:23 pm,Yes
Yorker,"Aug. 26, 2024",7:49 am,10:07 pm,No
Valentijn,"Aug. 26, 2024",6:21 am,8:01 pm,No
Obediah,"Aug. 26, 2024",10:43 am,9:58 pm,Yes
Haywood,"Aug. 26, 2024",8:12 am,4:44 pm,Yes
Dominica,"Aug. 25, 2024",6:52 am,5:53 pm,No
Ax,"Aug. 26, 2024",10:34 am,8:39 pm,Yes
Nance,"Aug. 25, 2024",6:53 am,5:34 pm,No
Jeramey,"Aug. 26, 2024",8:34 am,4:02 pm,Yes
Lucina,"Aug. 26, 2024",10:52 am,8:53 pm,Yes
Eloise,"Aug. 25, 2024",9:50 am,6:16 pm,Yes
Kearney,"Aug. 25, 2024",7:41 am,7:11 pm,No
Rodina,"Aug. 25, 2024",5:16 am,7:19 pm,No
Fernando,"Aug. 25, 2024",8:08 am,6:27 pm,Yes
Alissa,"Aug. 25, 2024",7:38 am,5:14 pm,No
Caldwell,"Aug. 25, 2024",10:42 am,5:45 pm,Yes
Lynn,"Aug. 26, 2024",10:48 am,6:21 pm,Yes
Garrot,"Aug. 25, 2024",9:10 am,4:08 pm,Yes
Win,"Aug. 25, 2024",8:16 am,4:59 pm,Yes
Damon,"Aug. 25, 2024",9:01 am,9:18 pm,Yes
Fowler,"Aug. 25, 2024",10:19 am,6:50 pm,Yes
Andrey,"Aug. 26, 2024",5:00 am,9:56 pm,No
Hugh,"Aug. 25, 2024",5:59 am,8:19 pm,No
Pate,"Aug. 25, 2024",8:03 am,9:58 pm,Yes
Symon,"Aug. 25, 2024",5:29 am,4:51 pm,No
Calvin,"Aug. 25, 2024",7:47 am,7:58 pm,No
Slade,"Aug. 26, 2024",10:49 am,8:27 pm,Yes
Ellyn,"Aug. 25, 2024",5:38 am,4:35 pm,No
Freda,"Aug. 26, 2024",5:57 am,3:36 pm,No
Maitilde,"Aug. 25, 2024",10:51 am,5:12 pm,Yes
Rafferty,"Aug. 26, 2024",7:08 am,6:16 pm,No
Ringo,"Aug. 26, 2024",5:25 am,4:10 pm,No
Codee,"Aug. 26, 2024",7:57 am,8:08 pm,No
Melicent,"Aug. 26, 2024",5:24 am,3:52 pm,No
Whit,"Aug. 25, 2024",8:41 am,8:53 pm,Yes
Chrissy,"Aug. 25, 2024",7:47 am,8:37 pm,No
Manny,"Aug. 25, 2024",10:28 am,8:29 pm,Yes
Burton,"Aug. 26, 2024",9:43 am,9:48 pm,Yes
Andrej,"Aug. 26, 2024",6:27 am,5:28 pm,No
Rod,"Aug. 25, 2024",10:06 am,3:30 pm,Yes
Jyoti,"Aug. 25, 2024",5:43 am,6:25 pm,No
Patin,"Aug. 26, 2024",9:17 am,7:44 pm,Yes
Dorice,"Aug. 26, 2024",9:03 am,7:30 pm,Yes
Barbie,"Aug. 25, 2024",5:57 am,10:41 pm,No
Alvis,"Aug. 25, 2024",6:27 am,9:49 pm,No
Jayne,"Aug. 25, 2024",9:38 am,6:44 pm,Yes
Jayme,"Aug. 26, 2024",8:30 am,5:58 pm,Yes
Laryssa,"Aug. 26, 2024",10:22 am,5:52 pm,Yes
Meg,"Aug. 26, 2024",8:59 am,8:04 pm,Yes
Stanislaw,"Aug. 25, 2024",5:35 am,6:33 pm,No
Cesare,"Aug. 26, 2024",6:05 am,9:24 pm,No
Ralf,"Aug. 25, 2024",8:51 am,10:30 pm,Yes
Susann,"Aug. 25, 2024",8:35 am,3:59 pm,Yes
Viki,"Aug. 26, 2024",10:31 am,8:28 pm,Yes
Kerwin,"Aug. 25, 2024",7:01 am,3:32 pm,No
Deanna,"Aug. 26, 2024",10:07 am,5:32 pm,Yes
Gwyn,"Aug. 25, 2024",5:24 am,6:19 pm,No
Margaretta,"Aug. 26, 2024",7:24 am,8:37 pm,No
Gabi,"Aug. 25, 2024",7:04 am,9:49 pm,No
Brendan,"Aug. 26, 2024",8:13 am,6:05 pm,Yes
Felita,"Aug. 25, 2024",6:52 am,5:36 pm,No
Brigg,"Aug. 26, 2024",8:44 am,8:15 pm,Yes
Bancroft,"Aug. 25, 2024",10:12 am,3:40 pm,Yes
Abra,"Aug. 25, 2024",8:38 am,9:12 pm,Yes
Linnell,"Aug. 26, 2024",7:24 am,10:20 pm,No
Gerick,"Aug. 25, 2024",8:37 am,10:03 pm,Yes
Gloria,"Aug. 26, 2024",10:51 am,3:51 pm,Yes
Rickie,"Aug. 26, 2024",7:03 am,4:47 pm,No
Jacenta,"Aug. 25, 2024",6:42 am,4:10 pm,No
Corena,"Aug. 26, 2024",5:09 am,9:33 pm,No
Ayn,"Aug. 26, 2024",10:47 am,10:02 pm,Yes
Etienne,"Aug. 25, 2024",6:44 am,6:27 pm,No
Estevan,"Aug. 26, 2024",9:22 am,10:20 pm,Yes
Bartolomeo,"Aug. 26, 2024",8:23 am,6:26 pm,Yes
Merle,"Aug. 25, 2024",6:08 am,6:39 pm,No
Cindee,"Aug. 25, 2024",8:59 am,7:51 pm,Yes
Wilhelm,"Aug. 25, 2024",5:40 am,6:49 pm,No
Augustine,"Aug. 26, 2024",5:01 am,7:39 pm,No
Colleen,"Aug. 26, 2024",8:01 am,10:13 pm,Yes
Lionello,"Aug. 25, 2024",7:23 am,7:08 pm,No
Graig,"Aug. 25, 2024",5:27 am,10:09 pm,No
Wilburt,"Aug. 26, 2024",9:04 am,9:47 pm,Yes
Zandra,"Aug. 26, 2024",9:00 am,5:46 pm,Yes
Fredrika,"Aug. 26, 2024",9:03 am,7:49 pm,Yes
Hussein,"Aug. 25, 2024",6:11 am,4:29 pm,No
Dyanna,"Aug. 25, 2024",8:14 am,8:23 pm,Yes
Jarret,"Aug. 26, 2024",10:54 am,10:36 pm,Yes
Jenilee,"Aug. 25, 2024",7:22 am,3:32 pm,No
Harrison,"Aug. 25, 2024",5:18 am,9:22 pm,No
Dewain,"Aug. 26, 2024",10:05 am,7:16 pm,Yes
Latashia,"Aug. 25, 2024",7:13 am,6:25 pm,No
Ignazio,"Aug. 26, 2024",5:33 am,10:24 pm,No
Trent,"Aug. 25, 2024",7:54 am,9:21 pm,No
Brandon,"Aug. 25, 2024",9:41 am,4:24 pm,Yes
Antonietta,"Aug. 25, 2024",10:57 am,7:03 pm,Yes
Bertrand,"Aug. 26, 2024",5:33 am,5:14 pm,No
Priscella,"Aug. 26, 2024",8:46 am,5:03 pm,Yes
Jeddy,"Aug. 25, 2024",5:23 am,7:48 pm,No
Shirlee,"Aug. 26, 2024",9:08 am,9:03 pm,Yes
Giusto,"Aug. 26, 2024",10:45 am,6:55 pm,Yes
Annissa,"Aug. 26, 2024",9:56 am,4:34 pm,Yes
Fidel,"Aug. 26, 2024",10:44 am,5:41 pm,Yes
Hilarius,"Aug. 26, 2024",5:32 am,10:21 pm,No
Cindra,"Aug. 26, 2024",10:31 am,8:44 pm,Yes
Lorettalorna,"Aug. 26, 2024",7:42 am,9:31 pm,No
Lauren,"Aug. 26, 2024",7:50 am,3:44 pm,No
Cicily,"Aug. 25, 2024",9:37 am,3:57 pm,Yes
Georgianne,"Aug. 25, 2024",10:31 am,5:12 pm,Yes
Michele,"Aug. 25, 2024",7:43 am,9:47 pm,No
Lura,"Aug. 26, 2024",5:27 am,10:43 pm,No
Gweneth,"Aug. 26, 2024",5:25 am,7:27 pm,No
Perry,"Aug. 26, 2024",10:08 am,3:40 pm,Yes
Saidee,"Aug. 26, 2024",6:02 am,4:18 pm,No
Tonya,"Aug. 26, 2024",10:16 am,7:34 pm,Yes
Any,"Aug. 25, 2024",8:26 am,8:06 pm,Yes
Gerda,"Aug. 26, 2024",6:20 am,8:30 pm,No
Randall,"Aug. 26, 2024",5:37 am,8:48 pm,No
Ashla,"Aug. 25, 2024",10:10 am,6:06 pm,Yes
Carena,"Aug. 26, 2024",9:57 am,3:52 pm,Yes
Seth,"Aug. 26, 2024",9:10 am,10:14 pm,Yes
Vincent,"Aug. 26, 2024",7:38 am,6:23 pm,No
Lawry,"Aug. 26, 2024",8:59 am,5:47 pm,Yes
Angela,"Aug. 25, 2024",6:35 am,7:47 pm,No
Gallard,"Aug. 25, 2024",5:48 am,7:21 pm,No
Dione,"Aug. 26, 2024",9:43 am,6:57 pm,Yes
Feodor,"Aug. 25, 2024",9:06 am,9:37 pm,Yes
Harwilll,"Aug. 25, 2024",10:13 am,8:48 pm,Yes
Guillermo,"Aug. 26, 2024",7:04 am,10:08 pm,No
Elbertine,"Aug. 25, 2024",9:29 am,8:31 pm,Yes
Graig,"Aug. 26, 2024",7:12 am,9:47 pm,No
Ansel,"Aug. 25, 2024",6:11 am,4:33 pm,No
Dory,"Aug. 25, 2024",6:54 am,6:58 pm,No
Bettina,"Aug. 26, 2024",5:18 am,6:36 pm,No
Brigg,"Aug. 25, 2024",5:05 am,5:05 pm,No
Selina,"Aug. 26, 2024",8:09 am,8:38 pm,Yes
Jeremy,"Aug. 26, 2024",8:15 am,7:08 pm,Yes
Thekla,"Aug. 25, 2024",8:53 am,10:33 pm,Yes
Cole,"Aug. 26, 2024",11:07 am,10:11 pm,Yes
Martainn,"Aug. 25, 2024",5:39 am,9:46 pm,No
Tracey,"Aug. 26, 2024",10:48 am,6:24 pm,Yes
Gerti,"Aug. 25, 2024",10:34 am,7:47 pm,Yes
Marie-jeanne,"Aug. 26, 2024",9:20 am,7:36 pm,Yes
Malinda,"Aug. 26, 2024",6:08 am,7:52 pm,No
Ann-marie,"Aug. 26, 2024",5:01 am,9:47 pm,No
Boone,"Aug. 25, 2024",5:41 am,8:03 pm,No
Anett,"Aug. 25, 2024",10:24 am,5:54 pm,Yes
Barrie,"Aug. 26, 2024",8:40 am,4:47 pm,Yes
Dennis,"Aug. 26, 2024",10:38 am,3:59 pm,Yes
Guthrey,"Aug. 26, 2024",8:11 am,7:01 pm,Yes
Cyrus,"Aug. 25, 2024",7:24 am,7:45 pm,No
Gothart,"Aug. 25, 2024",6:53 am,8:08 pm,No
Wain,"Aug. 25, 2024",10:29 am,5:53 pm,Yes
Lissy,"Aug. 25, 2024",9:49 am,9:46 pm,Yes
Nicoli,"Aug. 26, 2024",5:41 am,4:15 pm,No
Frederich,"Aug. 25, 2024",11:03 am,6:14 pm,Yes
North,"Aug. 25, 2024",10:15 am,6:05 pm,Yes
Willard,"Aug. 26, 2024",8:07 am,7:11 pm,Yes
Allianora,"Aug. 26, 2024",6:59 am,5:24 pm,No
Terrance,"Aug. 25, 2024",10:08 am,6:59 pm,Yes
Whitaker,"Aug. 25, 2024",6:25 am,10:44 pm,No
Alwyn,"Aug. 26, 2024",6:55 am,7:33 pm,No
Maribelle,"Aug. 25, 2024",10:25 am,9:39 pm,Yes
Akim,"Aug. 25, 2024",7:27 am,5:08 pm,No
Egor,"Aug. 25, 2024",9:42 am,5:00 pm,Yes
Robinette,"Aug. 25, 2024",7:41 am,4:06 pm,No
Antons,"Aug. 26, 2024",5:49 am,7:40 pm,No
Lisle,"Aug. 25, 2024",6:03 am,7:41 pm,No
Demetre,"Aug. 26, 2024",5:33 am,7:28 pm,No
Martguerita,"Aug. 26, 2024",7:01 am,3:37 pm,No
Thomasin,"Aug. 25, 2024",5:11 am,4:32 pm,No
Natka,"Aug. 26, 2024",5:37 am,6:08 pm,No
Fletch,"Aug. 25, 2024",8:47 am,7:23 pm,Yes
Merilyn,"Aug. 26, 2024",6:32 am,4:32 pm,No
Binny,"Aug. 26, 2024",9:19 am,10:32 pm,Yes
Delcina,"Aug. 26, 2024",9:04 am,6:26 pm,Yes
Jemmie,"Aug. 26, 2024",6:50 am,9:56 pm,No
Wilma,"Aug. 26, 2024",8:23 am,6:04 pm,Yes
John,"Aug. 26, 2024",6:54 am,4:16 pm,No
Fitz,"Aug. 25, 2024",9:41 am,6:17 pm,Yes
Risa,"Aug. 26, 2024",9:47 am,5:51 pm,Yes
Addie,"Aug. 26, 2024",7:31 am,10:11 pm,No
Tannie,"Aug. 26, 2024",9:07 am,8:55 pm,Yes
Bogart,"Aug. 25, 2024",10:05 am,3:46 pm,Yes
Bobbye,"Aug. 26, 2024",7:54 am,8:40 pm,No
Roma,"Aug. 25, 2024",9:37 am,7:34 pm,Yes
De witt,"Aug. 26, 2024",7:54 am,7:27 pm,No
Candra,"Aug. 25, 2024",9:39 am,10:13 pm,Yes
Gusella,"Aug. 26, 2024",5:04 am,7:15 pm,No
Darlleen,"Aug. 26, 2024",5:25 am,4:51 pm,No
Griffith,"Aug. 26, 2024",9:49 am,3:34 pm,Yes
Shoshanna,"Aug. 26, 2024",10:54 am,7:14 pm,Yes
Ferguson,"Aug. 26, 2024",8:01 am,8:55 pm,Yes
Michael,"Aug. 26, 2024",5:13 am,9:33 pm,No
Star,"Aug. 26, 2024",5:29 am,3:29 pm,No
Elisa,"Aug. 26, 2024",8:33 am,10:39 pm,Yes
Elene,"Aug. 25, 2024",6:51 am,6:17 pm,No
Corrinne,"Aug. 26, 2024",8:23 am,5:06 pm,Yes
Terrill,"Aug. 26, 2024",9:49 am,5:23 pm,Yes
Hubie,"Aug. 25, 2024",7:44 am,9:49 pm,No
Lutero,"Aug. 25, 2024",5:55 am,5:26 pm,No
Roxy,"Aug. 26, 2024",5:07 am,10:04 pm,No
Jolynn,"Aug. 25, 2024",5:31 am,5:47 pm,No
Boyd,"Aug. 25, 2024",6:37 am,5:16 pm,No
Padgett,"Aug. 25, 2024",9:17 am,4:25 pm,Yes
Tybie,"Aug. 26, 2024",5:38 am,8:34 pm,No
Merry,"Aug. 26, 2024",9:06 am,3:36 pm,Yes
Paulo,"Aug. 25, 2024",7:23 am,5:56 pm,No
Pip,"Aug. 26, 2024",7:54 am,5:35 pm,No
Brigham,"Aug. 25, 2024",7:33 am,4:29 pm,No
Saunder,"Aug. 26, 2024",6:06 am,4:54 pm,No
Leo,"Aug. 26, 2024",7:46 am,9:31 pm,No
Chen,"Aug. 26, 2024",9:24 am,5:19 pm,Yes
Orville,"Aug. 26, 2024",6:53 am,6:08 pm,No
Kayley,"Aug. 25, 2024",8:36 am,9:42 pm,Yes
Cicely,"Aug. 26, 2024",6:50 am,6:10 pm,No
Beverlee,"Aug. 25, 2024",5:24 am,10:02 pm,No
Mattie,"Aug. 25, 2024",7:47 am,4:39 pm,No
Sara,"Aug. 26, 2024",7:25 am,4:21 pm,No
Vinnie,"Aug. 26, 2024",6:29 am,5:19 pm,No
Valaria,"Aug. 25, 2024",9:51 am,8:40 pm,Yes
Sybilla,"Aug. 26, 2024",6:32 am,4:42 pm,No
Beatrice,"Aug. 26, 2024",8:40 am,3:38 pm,Yes
Nadine,"Aug. 25, 2024",5:10 am,6:12 pm,No
Neile,"Aug. 25, 2024",5:37 am,3:54 pm,No
Hedvige,"Aug. 26, 2024",6:47 am,8:05 pm,No
Jo-anne,"Aug. 26, 2024",11:01 am,5:12 pm,Yes
Winnie,"Aug. 26, 2024",6:46 am,10:10 pm,No
Maria,"Aug. 26, 2024",8:12 am,6:09 pm,Yes
Kristo,"Aug. 26, 2024",9:13 am,4:26 pm,Yes
Gregor,"Aug. 25, 2024",10:37 am,8:13 pm,Yes
Grantham,"Aug. 26, 2024",9:13 am,4:36 pm,Yes
Hill,"Aug. 26, 2024",6:13 am,4:27 pm,No
Charlot,"Aug. 26, 2024",10:29 am,8:23 pm,Yes
Livvyy,"Aug. 25, 2024",6:48 am,8:34 pm,No
Vernon,"Aug. 26, 2024",6:57 am,6:38 pm,No
Eldridge,"Aug. 25, 2024",9:44 am,5:48 pm,Yes
Leslie,"Aug. 25, 2024",9:05 am,10:12 pm,Yes
Thedric,"Aug. 25, 2024",5:26 am,7:51 pm,No
Elisha,"Aug. 25, 2024",8:06 am,8:49 pm,Yes
Bard,"Aug. 25, 2024",6:56 am,5:31 pm,No
Brit,"Aug. 26, 2024",5:19 am,7:23 pm,No
Rawley,"Aug. 26, 2024",5:14 am,8:18 pm,No
Philipa,"Aug. 26, 2024",8:44 am,5:10 pm,Yes
Georgy,"Aug. 26, 2024",8:37 am,5:10 pm,Yes
Evered,"Aug. 25, 2024",5:45 am,9:10 pm,No
Holden,"Aug. 25, 2024",9:05 am,10:03 pm,Yes
Anny,"Aug. 25, 2024",8:38 am,7:57 pm,Yes
Berkie,"Aug. 25, 2024",10:50 am,10:07 pm,Yes
Dietrich,"Aug. 25, 2024",7:00 am,10:08 pm,No
Geoffrey,"Aug. 26, 2024",9:25 am,7:39 pm,Yes
Mallory,"Aug. 25, 2024",10:22 am,7:18 pm,Yes
Cristy,"Aug. 26, 2024",8:44 am,5:13 pm,Yes
Mercedes,"Aug. 25, 2024",9:28 am,6:50 pm,Yes
Tarah,"Aug. 25, 2024",9:20 am,9:13 pm,Yes
Emma,"Aug. 26, 2024",9:49 am,5:44 pm,Yes
Cece,"Aug. 25, 2024",10:04 am,6:39 pm,Yes
Gene,"Aug. 25, 2024",6:40 am,3:56 pm,No
Nathanil,"Aug. 25, 2024",10:58 am,8:01 pm,Yes
Ashlan,"Aug. 26, 2024",10:52 am,8:59 pm,Yes
Avis,"Aug. 26, 2024",9:13 am,4:30 pm,Yes
Marcella,"Aug. 26, 2024",10:37 am,7:39 pm,Yes
Jobi,"Aug. 25, 2024",5:19 am,9:40 pm,No
Francisco,"Aug. 26, 2024",10:04 am,6:39 pm,Yes
Dominik,"Aug. 25, 2024",8:14 am,5:49 pm,Yes
Robyn,"Aug. 25, 2024",5:25 am,9:13 pm,No
Wylie,"Aug. 25, 2024",8:58 am,3:30 pm,Yes
Vinnie,"Aug. 26, 2024",9:05 am,7:59 pm,Yes
Nancee,"Aug. 26, 2024",5:12 am,5:04 pm,No
Skelly,"Aug. 25, 2024",5:31 am,5:41 pm,No
Myrtice,"Aug. 26, 2024",10:53 am,3:59 pm,Yes
Jodie,"Aug. 25, 2024",6:21 am,6:04 pm,No
Leontyne,"Aug. 26, 2024",6:54 am,4:49 pm,No
Karlen,"Aug. 25, 2024",8:46 am,10:06 pm,Yes
Benoit,"Aug. 25, 2024",11:06 am,8:09 pm,Yes
Deanne,"Aug. 25, 2024",8:51 am,10:25 pm,Yes
Richmound,"Aug. 25, 2024",8:54 am,7:08 pm,Yes
Solomon,"Aug. 26, 2024",7:10 am,6:43 pm,No
Hilary,"Aug. 25, 2024",5:29 am,7:42 pm,No
Brander,"Aug. 26, 2024",8:28 am,4:24 pm,Yes
Joellyn,"Aug. 26, 2024",9:51 am,3:48 pm,Yes
Shay,"Aug. 25, 2024",10:21 am,6:50 pm,Yes
Babita,"Aug. 26, 2024",6:09 am,3:50 pm,No
Ravid,"Aug. 25, 2024",9:33 am,5:14 pm,Yes
Dodi,"Aug. 25, 2024",7:57 am,10:07 pm,No
Holden,"Aug. 26, 2024",9:06 am,5:40 pm,Yes
Romola,"Aug. 26, 2024",7:15 am,4:37 pm,No
Virgilio,"Aug. 25, 2024",5:48 am,8:12 pm,No
Ahmed,"Aug. 26, 2024",11:01 am,3:41 pm,Yes
Way,"Aug. 26, 2024",10:16 am,4:10 pm,Yes
Selig,"Aug. 25, 2024",8:47 am,4:37 pm,Yes
Madelle,"Aug. 25, 2024",9:41 am,5:13 pm,Yes
Nancey,"Aug. 25, 2024",9:20 am,3:45 pm,Yes
Nonie,"Aug. 25, 2024",10:09 am,4:05 pm,Yes
Drew,"Aug. 25, 2024",6:49 am,5:51 pm,No
Marchall,"Aug. 26, 2024",6:27 am,9:10 pm,No
Fabio,"Aug. 26, 2024",5:13 am,5:20 pm,No
Jarad,"Aug. 25, 2024",7:29 am,4:06 pm,No
Mariam,"Aug. 26, 2024",9:25 am,5:18 pm,Yes
Ulrich,"Aug. 25, 2024",8:54 am,7:30 pm,Yes
Raddy,"Aug. 26, 2024",8:22 am,7:32 pm,Yes
Tallie,"Aug. 25, 2024",10:30 am,3:38 pm,Yes
Elisha,"Aug. 25, 2024",8:09 am,5:56 pm,Yes
Son,"Aug. 25, 2024",7:06 am,4:25 pm,No
Didi,"Aug. 25, 2024",6:53 am,5:33 pm,No
Lamont,"Aug. 26, 2024",9:36 am,10:14 pm,Yes
Findley,"Aug. 25, 2024",9:08 am,6:43 pm,Yes
Tom,"Aug. 25, 2024",6:14 am,5:19 pm,No
Britta,"Aug. 26, 2024",9:04 am,5:35 pm,Yes
Delmer,"Aug. 26, 2024",6:15 am,6:05 pm,No
Adair,"Aug. 26, 2024",8:22 am,9:19 pm,Yes
Dorry,"Aug. 25, 2024",8:16 am,6:51 pm,Yes
Rosalinda,"Aug. 25, 2024",9:39 am,8:56 pm,Yes
Clayborne,"Aug. 26, 2024",10:32 am,9:10 pm,Yes
Irina,"Aug. 25, 2024",10:22 am,9:42 pm,Yes
Meta,"Aug. 26, 2024",10:54 am,6:52 pm,Yes
Betsey,"Aug. 25, 2024",8:41 am,5:20 pm,Yes
Hy,"Aug. 26, 2024",9:46 am,3:49 pm,Yes
Mirabella,"Aug. 25, 2024",10:18 am,7:19 pm,Yes
Brook,"Aug. 26, 2024",6:51 am,4:34 pm,No
Sianna,"Aug. 26, 2024",6:41 am,10:17 pm,No
Mariann,"Aug. 26, 2024",8:58 am,9:30 pm,Yes
Odelle,"Aug. 25, 2024",5:49 am,3:55 pm,No
Sargent,"Aug. 25, 2024",5:45 am,4:54 pm,No
Harlene,"Aug. 26, 2024",7:05 am,4:55 pm,No
Estelle,"Aug. 25, 2024",8:42 am,5:07 pm,Yes
Vidovic,"Aug. 25, 2024",10:36 am,9:30 pm,Yes
Arlena,"Aug. 26, 2024",10:04 am,8:09 pm,Yes
Lavinia,"Aug. 25, 2024",10:29 am,4:14 pm,Yes
Kelvin,"Aug. 25, 2024",8:28 am,6:31 pm,Yes
Kinsley,"Aug. 26, 2024",6:24 am,8:26 pm,No
Michal,"Aug. 26, 2024",10:58 am,4:28 pm,Yes
Waly,"Aug. 26, 2024",10:34 am,8:24 pm,Yes
Fran,"Aug. 25, 2024",8:16 am,6:07 pm,Yes
Eunice,"Aug. 25, 2024",7:53 am,4:03 pm,No
Anabal,"Aug. 25, 2024",9:18 am,8:07 pm,Yes
Josias,"Aug. 25, 2024",5:58 am,5:10 pm,No
Guthrie,"Aug. 26, 2024",9:00 am,4:04 pm,Yes
Luke,"Aug. 26, 2024",9:56 am,5:44 pm,Yes
Willow,"Aug. 26, 2024",5:02 am,9:30 pm,No
Marielle,"Aug. 26, 2024",5:48 am,6:45 pm,No
Gale,"Aug. 26, 2024",10:55 am,4:50 pm,Yes
Bessy,"Aug. 26, 2024",6:49 am,7:06 pm,No
Gael,"Aug. 26, 2024",7:18 am,3:51 pm,No
Evelyn,"Aug. 25, 2024",5:22 am,7:20 pm,No
Galvan,"Aug. 26, 2024",6:56 am,5:54 pm,No
Skipton,"Aug. 26, 2024",7:10 am,4:56 pm,No
Buiron,"Aug. 25, 2024",10:15 am,3:58 pm,Yes
Talya,"Aug. 25, 2024",8:01 am,8:50 pm,Yes
Jo ann,"Aug. 26, 2024",5:31 am,8:34 pm,No
Ciro,"Aug. 25, 2024",8:05 am,5:15 pm,Yes
Tiebold,"Aug. 25, 2024",8:14 am,6:18 pm,Yes
Margaux,"Aug. 26, 2024",7:24 am,7:33 pm,No
Elvira,"Aug. 25, 2024",6:20 am,9:12 pm,No
Evita,"Aug. 25, 2024",6:49 am,4:18 pm,No
Hurleigh,"Aug. 25, 2024",8:05 am,3:48 pm,Yes
Paulie,"Aug. 25, 2024",10:06 am,7:36 pm,Yes
Darby,"Aug. 26, 2024",8:26 am,7:44 pm,Yes
Marty,"Aug. 25, 2024",7:20 am,5:06 pm,No
Tatum,"Aug. 25, 2024",9:37 am,8:26 pm,Yes
Joby,"Aug. 25, 2024",5:37 am,8:10 pm,No
Tally,"Aug. 25, 2024",7:48 am,5:47 pm,No
Cliff,"Aug. 25, 2024",9:31 am,6:02 pm,Yes
Dolli,"Aug. 25, 2024",5:25 am,10:24 pm,No
Gustave,"Aug. 25, 2024",6:42 am,5:24 pm,No
Guglielma,"Aug. 25, 2024",8:04 am,6:00 pm,Yes
Hatty,"Aug. 25, 2024",8:38 am,4:31 pm,Yes
Raul,"Aug. 25, 2024",8:41 am,4:06 pm,Yes
Randi,"Aug. 25, 2024",7:02 am,5:58 pm,No
Ertha,"Aug. 25, 2024",11:03 am,7:29 pm,Yes
Maryjane,"Aug. 25, 2024",6:53 am,10:31 pm,No
Cobby,"Aug. 26, 2024",5:58 am,8:35 pm,No
Elysee,"Aug. 26, 2024",10:02 am,5:43 pm,Yes
Berkly,"Aug. 25, 2024",9:52 am,9:24 pm,Yes
Rianon,"Aug. 26, 2024",8:05 am,6:37 pm,Yes
Doug,"Aug. 25, 2024",7:07 am,8:52 pm,No
Roma,"Aug. 26, 2024",7:23 am,4:06 pm,No
Rawley,"Aug. 26, 2024",9:43 am,4:35 pm,Yes
Ephraim,"Aug. 25, 2024",9:29 am,7:06 pm,Yes
Toma,"Aug. 25, 2024",6:02 am,9:10 pm,No
Ardine,"Aug. 25, 2024",7:38 am,8:25 pm,No
Germayne,"Aug. 26, 2024",8:40 am,7:55 pm,Yes
Linzy,"Aug. 25, 2024",6:36 am,4:26 pm,No
Desdemona,"Aug. 25, 2024",8:15 am,8:10 pm,Yes
Rene,"Aug. 25, 2024",9:34 am,4:10 pm,Yes
Brandy,"Aug. 25, 2024",5:12 am,9:39 pm,No
Delinda,"Aug. 25, 2024",6:07 am,10:21 pm,No
Jacinta,"Aug. 26, 2024",6:20 am,7:28 pm,No
Kattie,"Aug. 26, 2024",8:52 am,5:03 pm,Yes
Eunice,"Aug. 26, 2024",7:04 am,4:11 pm,No
Denni,"Aug. 25, 2024",8:43 am,9:54 pm,Yes
Bonnibelle,"Aug. 25, 2024",8:52 am,9:57 pm,Yes
Chrysler,"Aug. 25, 2024",7:04 am,9:32 pm,No
Kirsteni,"Aug. 26, 2024",10:00 am,7:27 pm,Yes
Terza,"Aug. 26, 2024",9:57 am,4:20 pm,Yes
Geri,"Aug. 26, 2024",6:25 am,9:34 pm,No
Ignacius,"Aug. 25, 2024",9:31 am,8:23 pm,Yes
Carlyle,"Aug. 25, 2024",9:43 am,10:09 pm,Yes
Nathalia,"Aug. 26, 2024",5:13 am,8:08 pm,No
Durante,"Aug. 25, 2024",6:28 am,8:37 pm,No
Helyn,"Aug. 25, 2024",7:03 am,5:07 pm,No
Madel,"Aug. 26, 2024",8:06 am,6:27 pm,Yes
Arman,"Aug. 25, 2024",8:14 am,9:06 pm,Yes
Woodman,"Aug. 25, 2024",7:04 am,3:42 pm,No
Nataniel,"Aug. 25, 2024",5:21 am,7:48 pm,No
Merna,"Aug. 25, 2024",6:00 am,8:29 pm,No
Nettle,"Aug. 25, 2024",7:08 am,8:35 pm,No
Salvador,"Aug. 25, 2024",10:59 am,4:55 pm,Yes
Orazio,"Aug. 26, 2024",8:22 am,6:52 pm,Yes
Ronny,"Aug. 26, 2024",8:09 am,8:43 pm,Yes
Pasquale,"Aug. 25, 2024",8:35 am,5:06 pm,Yes
Nelle,"Aug. 26, 2024",9:25 am,9:50 pm,Yes
Noni,"Aug. 25, 2024",7:49 am,6:18 pm,No
Lauren,"Aug. 26, 2024",8:33 am,9:51 pm,Yes
Charis,"Aug. 26, 2024",5:27 am,4:16 pm,No
Beau,"Aug. 26, 2024",6:33 am,6:14 pm,No
Jeniece,"Aug. 26, 2024",6:22 am,7:42 pm,No
Bevan,"Aug. 26, 2024",8:57 am,6:58 pm,Yes
Lindsey,"Aug. 26, 2024",6:27 am,8:33 pm,No
Chris,"Aug. 26, 2024",6:47 am,7:18 pm,No
Valentin,"Aug. 26, 2024",10:22 am,4:47 pm,Yes
Randee,"Aug. 26, 2024",8:20 am,7:48 pm,Yes
Kincaid,"Aug. 25, 2024",6:41 am,10:33 pm,No
Gilles,"Aug. 26, 2024",9:29 am,5:43 pm,Yes
Lilla,"Aug. 26, 2024",5:35 am,9:11 pm,No
Hannah,"Aug. 26, 2024",7:19 am,6:52 pm,No
Rowe,"Aug. 26, 2024",7:21 am,9:40 pm,No
Tracey,"Aug. 26, 2024",5:11 am,9:02 pm,No
Chandler,"Aug. 25, 2024",9:45 am,5:55 pm,Yes
Olav,"Aug. 25, 2024",5:16 am,3:44 pm,No
Demetris,"Aug. 25, 2024",7:33 am,6:24 pm,No
Drucy,"Aug. 25, 2024",10:27 am,3:39 pm,Yes
Barris,"Aug. 26, 2024",6:45 am,9:36 pm,No
Ashlen,"Aug. 26, 2024",9:41 am,9:47 pm,Yes
Sissie,"Aug. 26, 2024",6:34 am,9:40 pm,No
Christine,"Aug. 25, 2024",10:29 am,10:36 pm,Yes
Jesse,"Aug. 25, 2024",6:18 am,10:34 pm,No
Agnesse,"Aug. 26, 2024",10:45 am,7:15 pm,Yes
Linnell,"Aug. 25, 2024",8:43 am,3:40 pm,Yes
Hans,"Aug. 26, 2024",6:13 am,10:44 pm,No
Bertrando,"Aug. 26, 2024",7:23 am,5:32 pm,No
Rhodie,"Aug. 26, 2024",10:16 am,10:10 pm,Yes
Yettie,"Aug. 25, 2024",6:14 am,10:05 pm,No
Berry,"Aug. 25, 2024",10:16 am,8:00 pm,Yes
Abie,"Aug. 25, 2024",9:01 am,9:12 pm,Yes
Corney,"Aug. 26, 2024",5:59 am,4:26 pm,No
Loni,"Aug. 25, 2024",7:41 am,9:02 pm,No
Sascha,"Aug. 25, 2024",8:15 am,6:23 pm,Yes
Nerti,"Aug. 25, 2024",9:01 am,8:25 pm,Yes
Lionello,"Aug. 26, 2024",9:17 am,9:55 pm,Yes
Tanya,"Aug. 25, 2024",6:44 am,6:53 pm,No
Ulrica,"Aug. 26, 2024",10:10 am,4:37 pm,Yes
Callida,"Aug. 26, 2024",10:02 am,10:10 pm,Yes
Tomas,"Aug. 26, 2024",9:56 am,4:43 pm,Yes
Wittie,"Aug. 26, 2024",10:10 am,4:54 pm,Yes
Etienne,"Aug. 26, 2024",8:13 am,8:19 pm,Yes
Christian,"Aug. 26, 2024",11:03 am,10:37 pm,Yes
Dell,"Aug. 25, 2024",8:14 am,4:20 pm,Yes
Wat,"Aug. 25, 2024",6:58 am,10:01 pm,No
Avrit,"Aug. 25, 2024",5:17 am,5:14 pm,No
Josefina,"Aug. 25, 2024",5:59 am,4:10 pm,No
Karel,"Aug. 25, 2024",5:22 am,10:43 pm,No
Alta,"Aug. 25, 2024",5:56 am,7:10 pm,No
Hercules,"Aug. 25, 2024",10:06 am,9:10 pm,Yes
Cinderella,"Aug. 26, 2024",8:55 am,10:38 pm,Yes
Darryl,"Aug. 26, 2024",10:30 am,7:47 pm,Yes
Essa,"Aug. 25, 2024",8:22 am,7:08 pm,Yes
Rob,"Aug. 26, 2024",5:52 am,6:11 pm,No
Darci,"Aug. 26, 2024",9:07 am,7:51 pm,Yes
Corliss,"Aug. 25, 2024",6:56 am,5:31 pm,No
Chantal,"Aug. 25, 2024",6:47 am,4:23 pm,No
Rosemarie,"Aug. 25, 2024",6:08 am,6:05 pm,No
Celia,"Aug. 25, 2024",5:21 am,4:49 pm,No
Brigham,"Aug. 26, 2024",6:43 am,8:31 pm,No
Stevana,"Aug. 26, 2024",9:37 am,9:18 pm,Yes
Adams,"Aug. 25, 2024",9:43 am,6:15 pm,Yes
Rhys,"Aug. 26, 2024",6:57 am,6:14 pm,No
Bryon,"Aug. 26, 2024",5:01 am,6:15 pm,No
Jaclyn,"Aug. 25, 2024",5:39 am,9:20 pm,No
Jonathon,"Aug. 26, 2024",9:52 am,6:15 pm,Yes
Currey,"Aug. 26, 2024",10:25 am,9:58 pm,Yes
Billie,"Aug. 25, 2024",8:10 am,10:07 pm,Yes
Marja,"Aug. 26, 2024",9:50 am,7:44 pm,Yes
Ethe,"Aug. 25, 2024",10:38 am,8:19 pm,Yes
Vince,"Aug. 25, 2024",7:13 am,8:45 pm,No
Garwood,"Aug. 26, 2024",5:32 am,8:19 pm,No
Erinn,"Aug. 25, 2024",10:13 am,4:01 pm,Yes
Tobye,"Aug. 25, 2024",9:23 am,4:33 pm,Yes
Titos,"Aug. 25, 2024",10:18 am,10:38 pm,Yes
Allister,"Aug. 26, 2024",8:51 am,6:08 pm,Yes
Pippa,"Aug. 26, 2024",9:30 am,7:46 pm,Yes
Lazarus,"Aug. 26, 2024",7:00 am,7:51 pm,No
Bartholomew,"Aug. 25, 2024",6:10 am,4:19 pm,No
Dorian,"Aug. 25, 2024",6:27 am,4:55 pm,No
Patty,"Aug. 25, 2024",5:54 am,7:57 pm,No
Neile,"Aug. 26, 2024",8:53 am,9:30 pm,Yes
Garnet,"Aug. 26, 2024",5:36 am,5:03 pm,No
Letizia,"Aug. 25, 2024",10:06 am,4:45 pm,Yes
Daveen,"Aug. 25, 2024",8:31 am,7:47 pm,Yes
Randall,"Aug. 25, 2024",8:48 am,7:23 pm,Yes
Jerrome,"Aug. 25, 2024",6:25 am,8:30 pm,No
Gibbie,"Aug. 26, 2024",6:15 am,5:36 pm,No
Lothaire,"Aug. 25, 2024",7:14 am,4:49 pm,No
Neall,"Aug. 26, 2024",9:25 am,9:29 pm,Yes
Anselm,"Aug. 25, 2024",8:08 am,8:12 pm,Yes
Fredi,"Aug. 25, 2024",6:41 am,9:38 pm,No
Fredek,"Aug. 26, 2024",5:04 am,7:32 pm,No
Gregorius,"Aug. 26, 2024",6:57 am,10:13 pm,No
Giselbert,"Aug. 25, 2024",5:48 am,5:08 pm,No
Roxana,"Aug. 26, 2024",9:18 am,5:48 pm,Yes
Phedra,"Aug. 25, 2024",8:34 am,4:08 pm,Yes
Pedro,"Aug. 26, 2024",5:40 am,6:58 pm,No
Josepha,"Aug. 25, 2024",9:49 am,4:37 pm,Yes
Lavina,"Aug. 26, 2024",6:32 am,3:52 pm,No
Baily,"Aug. 26, 2024",8:18 am,5:41 pm,Yes
Darrell,"Aug. 25, 2024",6:03 am,4:04 pm,No
Fletch,"Aug. 25, 2024",8:10 am,10:21 pm,Yes
Elicia,"Aug. 25, 2024",5:34 am,4:29 pm,No
Tomas,"Aug. 26, 2024",8:11 am,7:21 pm,Yes
Padraig,"Aug. 25, 2024",9:43 am,7:15 pm,Yes
Willi,"Aug. 25, 2024",9:09 am,5:10 pm,Yes
Clive,"Aug. 25, 2024",10:02 am,10:28 pm,Yes
Rory,"Aug. 26, 2024",9:46 am,10:14 pm,Yes
Kimble,"Aug. 25, 2024",5:24 am,6:03 pm,No
Chicky,"Aug. 26, 2024",9:38 am,5:55 pm,Yes
Deane,"Aug. 25, 2024",9:55 am,10:02 pm,Yes
Maddy,"Aug. 25, 2024",9:56 am,6:57 pm,Yes
Gerek,"Aug. 26, 2024",6:21 am,7:33 pm,No
Kary,"Aug. 26, 2024",7:10 am,7:22 pm,No
Cyb,"Aug. 26, 2024",6:21 am,3:56 pm,No
Sunny,"Aug. 25, 2024",10:48 am,6:52 pm,Yes
Langston,"Aug. 26, 2024",7:35 am,9:50 pm,No
Jacquelyn,"Aug. 26, 2024",11:00 am,3:36 pm,Yes
Cookie,"Aug. 25, 2024",11:08 am,4:37 pm,Yes
Simeon,"Aug. 25, 2024",6:39 am,8:07 pm,No
Anstice,"Aug. 26, 2024",8:09 am,6:30 pm,Yes
Lizzy,"Aug. 25, 2024",8:33 am,9:57 pm,Yes
Shantee,"Aug. 26, 2024",7:51 am,9:17 pm,No
Merrie,"Aug. 25, 2024",8:01 am,4:55 pm,Yes
Ferd,"Aug. 26, 2024",8:58 am,5:01 pm,Yes
Creighton,"Aug. 26, 2024",8:27 am,4:54 pm,Yes
Vassili,"Aug. 26, 2024",5:09 am,10:42 pm,No
Riki,"Aug. 25, 2024",7:13 am,8:49 pm,No
Nealon,"Aug. 26, 2024",5:44 am,4:06 pm,No
Annora,"Aug. 26, 2024",6:52 am,10:34 pm,No
Lora,"Aug. 25, 2024",5:27 am,4:32 pm,No
Blondy,"Aug. 25, 2024",6:15 am,3:49 pm,No
Boigie,"Aug. 26, 2024",7:01 am,7:54 pm,No
Theodora,"Aug. 26, 2024",8:04 am,10:07 pm,Yes
Isahella,"Aug. 25, 2024",6:32 am,9:29 pm,No
Pierrette,"Aug. 25, 2024",10:21 am,7:33 pm,Yes
Charmain,"Aug. 25, 2024",5:14 am,4:23 pm,No
John,"Aug. 26, 2024",8:38 am,4:55 pm,Yes
Addy,"Aug. 25, 2024",6:53 am,5:17 pm,No
Roxine,"Aug. 26, 2024",8:05 am,4:57 pm,Yes
George,"Aug. 26, 2024",7:56 am,9:23 pm,No
Emeline,"Aug. 26, 2024",7:02 am,5:02 pm,No
Bowie,"Aug. 26, 2024",5:49 am,8:21 pm,No
Lorrie,"Aug. 26, 2024",10:16 am,8:20 pm,Yes
Gregor,"Aug. 26, 2024",7:19 am,8:43 pm,No
Stavro,"Aug. 26, 2024",7:59 am,9:24 pm,No
Jordain,"Aug. 25, 2024",10:34 am,8:14 pm,Yes
Isidore,"Aug. 25, 2024",7:05 am,10:32 pm,No
Windy,"Aug. 26, 2024",5:52 am,7:51 pm,No
Roobbie,"Aug. 25, 2024",7:40 am,7:27 pm,No
Sigrid,"Aug. 25, 2024",7:55 am,4:49 pm,No
Jodie,"Aug. 25, 2024",10:11 am,6:30 pm,Yes
Borg,"Aug. 26, 2024",10:43 am,10:28 pm,Yes
Howey,"Aug. 25, 2024",5:34 am,5:25 pm,No
Rudy,"Aug. 25, 2024",7:52 am,6:20 pm,No
Farley,"Aug. 26, 2024",8:40 am,10:23 pm,Yes
Carrie,"Aug. 26, 2024",9:05 am,4:42 pm,Yes
Gaye,"Aug. 26, 2024",8:08 am,10:32 pm,Yes
Salvidor,"Aug. 26, 2024",8:51 am,10:38 pm,Yes
Evelyn,"Aug. 25, 2024",5:15 am,6:12 pm,No
Ewart,"Aug. 25, 2024",6:50 am,10:34 pm,No
Carline,"Aug. 26, 2024",9:15 am,6:02 pm,Yes
Neala,"Aug. 25, 2024",5:38 am,3:47 pm,No
Costanza,"Aug. 25, 2024",5:26 am,8:20 pm,No
Cinderella,"Aug. 26, 2024",7:32 am,8:20 pm,No
Anett,"Aug. 26, 2024",6:31 am,8:13 pm,No
Jeth,"Aug. 26, 2024",7:25 am,7:52 pm,No
Giffer,"Aug. 25, 2024",7:36 am,5:11 pm,No
Casey,"Aug. 26, 2024",11:08 am,5:32 pm,Yes
Inesita,"Aug. 26, 2024",6:37 am,9:52 pm,No
Carmon,"Aug. 26, 2024",5:10 am,7:51 pm,No
Atalanta,"Aug. 26, 2024",6:49 am,5:32 pm,No
Johnathon,"Aug. 26, 2024",5:13 am,6:42 pm,No
Lionel,"Aug. 26, 2024",7:04 am,8:30 pm,No
Ivie,"Aug. 25, 2024",11:00 am,4:02 pm,Yes
Bertine,"Aug. 25, 2024",5:37 am,9:12 pm,No
Merilee,"Aug. 25, 2024",8:58 am,8:33 pm,Yes
Brok,"Aug. 25, 2024",8:45 am,4:26 pm,Yes
Coralie,"Aug. 26, 2024",10:23 am,9:30 pm,Yes
Timofei,"Aug. 25, 2024",5:14 am,5:43 pm,No
Vernice,"Aug. 26, 2024",6:54 am,9:36 pm,No
Liz,"Aug. 26, 2024",10:32 am,8:33 pm,Yes
Silva,"Aug. 25, 2024",5:39 am,6:11 pm,No
Marya,"Aug. 25, 2024",9:00 am,5:34 pm,Yes
Jessamyn,"Aug. 26, 2024",10:32 am,10:03 pm,Yes
Myrtle,"Aug. 25, 2024",10:36 am,7:27 pm,Yes
Fawn,"Aug. 25, 2024",9:49 am,7:13 pm,Yes
Gib,"Aug. 25, 2024",6:39 am,9:43 pm,No
Lars,"Aug. 25, 2024",9:39 am,8:04 pm,Yes
Janis,"Aug. 26, 2024",6:55 am,4:45 pm,No
Danyelle,"Aug. 26, 2024",8:43 am,6:10 pm,Yes
Jacquenette,"Aug. 25, 2024",9:24 am,6:12 pm,Yes
Agustin,"Aug. 25, 2024",9:39 am,3:46 pm,Yes
Kelsey,"Aug. 25, 2024",10:31 am,10:38 pm,Yes
Rosalia,"Aug. 26, 2024",11:07 am,9:43 pm,Yes
Giana,"Aug. 26, 2024",10:52 am,7:08 pm,Yes
Gertie,"Aug. 25, 2024",9:55 am,7:38 pm,Yes
Maryl,"Aug. 26, 2024",5:56 am,9:16 pm,No
Blair,"Aug. 26, 2024",8:57 am,3:53 pm,Yes
Jo,"Aug. 25, 2024",8:29 am,3:53 pm,Yes
Cobby,"Aug. 25, 2024",6:42 am,9:25 pm,No
Issi,"Aug. 25, 2024",10:50 am,6:11 pm,Yes
Linnell,"Aug. 25, 2024",9:54 am,7:49 pm,Yes
Cordelie,"Aug. 26, 2024",10:52 am,8:50 pm,Yes
Georgia,"Aug. 26, 2024",8:58 am,7:18 pm,Yes
Rodney,"Aug. 26, 2024",9:10 am,6:37 pm,Yes
Dyane,"Aug. 25, 2024",5:40 am,6:27 pm,No
Goldarina,"Aug. 26, 2024",6:14 am,7:24 pm,No
Kristo,"Aug. 25, 2024",11:04 am,6:17 pm,Yes
Sawyere,"Aug. 25, 2024",10:38 am,10:29 pm,Yes
Shay,"Aug. 25, 2024",8:13 am,8:48 pm,Yes
Etti,"Aug. 26, 2024",5:20 am,8:03 pm,No
Rosalia,"Aug. 26, 2024",10:36 am,4:40 pm,Yes
Hephzibah,"Aug. 25, 2024",9:34 am,10:27 pm,Yes
Catlin,"Aug. 25, 2024",5:28 am,4:35 pm,No
Marten,"Aug. 25, 2024",6:30 am,3:52 pm,No
Tatum,"Aug. 25, 2024",10:16 am,10:26 pm,Yes
Allyce,"Aug. 25, 2024",7:49 am,9:57 pm,No
Akim,"Aug. 26, 2024",6:35 am,5:35 pm,No
Larina,"Aug. 26, 2024",7:14 am,4:03 pm,No
Clerissa,"Aug. 26, 2024",10:34 am,4:23 pm,Yes
Carver,"Aug. 25, 2024",6:20 am,8:36 pm,No
Tedda,"Aug. 26, 2024",5:37 am,7:42 pm,No
Ford,"Aug. 25, 2024",9:03 am,3:35 pm,Yes
Archambault,"Aug. 26, 2024",9:25 am,4:59 pm,Yes
Thomasin,"Aug. 26, 2024",10:13 am,5:42 pm,Yes
Moina,"Aug. 25, 2024",9:54 am,3:55 pm,Yes
Amalie,"Aug. 26, 2024",9:07 am,4:09 pm,Yes
Rycca,"Aug. 26, 2024",9:23 am,6:35 pm,Yes
Jorge,"Aug. 25, 2024",5:05 am,4:10 pm,No
Damaris,"Aug. 26, 2024",9:58 am,6:47 pm,Yes
Dion,"Aug. 26, 2024",7:01 am,5:56 pm,No
Jehanna,"Aug. 25, 2024",10:28 am,3:45 pm,Yes
Emilee,"Aug. 26, 2024",9:12 am,4:19 pm,Yes
Georgeanne,"Aug. 25, 2024",10:39 am,7:35 pm,Yes
Gibby,"Aug. 25, 2024",9:50 am,7:21 pm,Yes
Jordana,"Aug. 25, 2024",8:11 am,5:46 pm,Yes
Todd,"Aug. 25, 2024",5:41 am,5:12 pm,No
Nickolas,"Aug. 25, 2024",7:27 am,6:03 pm,No
Rudolf,"Aug. 26, 2024",9:28 am,8:39 pm,Yes
Olive,"Aug. 26, 2024",7:08 am,8:40 pm,No
Bobby,"Aug. 25, 2024",8:44 am,5:16 pm,Yes
Walther,"Aug. 25, 2024",9:02 am,7:04 pm,Yes
Giuditta,"Aug. 25, 2024",7:41 am,10:16 pm,No
Jany,"Aug. 25, 2024",9:39 am,10:24 pm,Yes
Frayda,"Aug. 26, 2024",5:28 am,8:17 pm,No
Lonnie,"Aug. 25, 2024",9:48 am,6:14 pm,Yes
Horacio,"Aug. 25, 2024",5:30 am,5:06 pm,No
Charlie,"Aug. 25, 2024",10:37 am,4:07 pm,Yes
Jorgan,"Aug. 25, 2024",5:19 am,6:22 pm,No
Kippy,"Aug. 26, 2024",8:00 am,9:16 pm,Yes
Ede,"Aug. 25, 2024",5:08 am,5:32 pm,No
Star,"Aug. 25, 2024",9:18 am,5:07 pm,Yes
Sonia,"Aug. 25, 2024",8:10 am,5:55 pm,Yes
Inger,"Aug. 26, 2024",9:49 am,5:33 pm,Yes
Ellswerth,"Aug. 25, 2024",10:12 am,6:21 pm,Yes
Chariot,"Aug. 26, 2024",9:23 am,9:42 pm,Yes
Rem,"Aug. 25, 2024",8:12 am,3:52 pm,Yes
Pepita,"Aug. 25, 2024",7:12 am,7:39 pm,No
Nikolaos,"Aug. 25, 2024",9:20 am,5:16 pm,Yes
Clemence,"Aug. 25, 2024",8:37 am,6:17 pm,Yes
Melamie,"Aug. 25, 2024",9:01 am,8:10 pm,Yes
Mathian,"Aug. 25, 2024",9:09 am,5:23 pm,Yes
Baillie,"Aug. 25, 2024",8:09 am,3:46 pm,Yes
Dari,"Aug. 26, 2024",8:40 am,8:18 pm,Yes
Gayle,"Aug. 25, 2024",6:19 am,7:32 pm,No
Nolie,"Aug. 25, 2024",6:45 am,6:03 pm,No
Kimberly,"Aug. 26, 2024",7:36 am,9:33 pm,No
Pedro,"Aug. 26, 2024",9:28 am,9:02 pm,Yes
Karel,"Aug. 26, 2024",6:13 am,4:25 pm,No
Parker,"Aug. 25, 2024",5:09 am,4:23 pm,No
Deloria,"Aug. 25, 2024",5:56 am,10:20 pm,No
Kassie,"Aug. 26, 2024",11:05 am,4:26 pm,Yes
Kassia,"Aug. 25, 2024",9:03 am,9:32 pm,Yes
Leah,"Aug. 25, 2024",10:41 am,4:13 pm,Yes
Melisandra,"Aug. 25, 2024",6:02 am,10:19 pm,No
Rahel,"Aug. 26, 2024",5:33 am,5:18 pm,No
Joshuah,"Aug. 26, 2024",6:34 am,10:15 pm,No
Darbee,"Aug. 25, 2024",11:05 am,3:37 pm,Yes
Nelly,"Aug. 25, 2024",9:48 am,4:09 pm,Yes
Vinson,"Aug. 26, 2024",8:24 am,6:42 pm,Yes
Raul,"Aug. 26, 2024",10:34 am,7:50 pm,Yes
Haslett,"Aug. 26, 2024",10:02 am,5:35 pm,Yes
Frederic,"Aug. 26, 2024",6:21 am,5:17 pm,No
Rustie,"Aug. 26, 2024",8:08 am,7:58 pm,Yes
Kanya,"Aug. 25, 2024",7:00 am,5:13 pm,No
Marcelo,"Aug. 25, 2024",10:42 am,5:44 pm,Yes
Dud,"Aug. 26, 2024",9:54 am,7:03 pm,Yes
Henrietta,"Aug. 25, 2024",7:13 am,10:15 pm,No
Troy,"Aug. 25, 2024",8:14 am,5:42 pm,Yes
Barrie,"Aug. 25, 2024",5:02 am,8:39 pm,No
Westleigh,"Aug. 25, 2024",6:25 am,5:17 pm,No
Ertha,"Aug. 26, 2024",10:22 am,5:36 pm,Yes
August,"Aug. 25, 2024",9:21 am,4:38 pm,Yes
Ogden,"Aug. 25, 2024",5:00 am,10:01 pm,No
Arron,"Aug. 26, 2024",6:25 am,4:27 pm,No
Rosalinde,"Aug. 26, 2024",9:27 am,7:07 pm,Yes
Fan,"Aug. 25, 2024",9:11 am,7:31 pm,Yes
Niccolo,"Aug. 25, 2024",7:13 am,7:50 pm,No
Rolfe,"Aug. 26, 2024",9:16 am,5:33 pm,Yes
Frank,"Aug. 25, 2024",7:41 am,8:15 pm,No
Leon,"Aug. 25, 2024",11:04 am,9:12 pm,Yes
Mattie,"Aug. 26, 2024",6:00 am,9:45 pm,No
Borden,"Aug. 26, 2024",7:21 am,9:42 pm,No
Consolata,"Aug. 26, 2024",6:43 am,5:07 pm,No
Maynard,"Aug. 26, 2024",8:28 am,8:57 pm,Yes
Alvin,"Aug. 26, 2024",8:59 am,8:09 pm,Yes
Fenelia,"Aug. 25, 2024",9:17 am,10:01 pm,Yes
Lezlie,"Aug. 25, 2024",6:01 am,7:23 pm,No
Farra,"Aug. 25, 2024",10:00 am,9:14 pm,Yes
Vale,"Aug. 26, 2024",6:57 am,3:44 pm,No
Brigg,"Aug. 26, 2024",8:54 am,4:29 pm,Yes
Bruno,"Aug. 25, 2024",10:40 am,5:37 pm,Yes
Tobiah,"Aug. 26, 2024",7:47 am,8:43 pm,No
Lynde,"Aug. 25, 2024",8:10 am,9:26 pm,Yes
Sheff,"Aug. 26, 2024",9:30 am,5:33 pm,Yes
Costa,"Aug. 26, 2024",10:58 am,10:09 pm,Yes
Kean,"Aug. 26, 2024",6:19 am,7:01 pm,No
Fawne,"Aug. 26, 2024",9:20 am,7:35 pm,Yes
Iris,"Aug. 26, 2024",5:07 am,5:48 pm,No
Ermanno,"Aug. 25, 2024",6:09 am,9:43 pm,No
Opaline,"Aug. 25, 2024",7:06 am,9:20 pm,No
Hilliary,"Aug. 25, 2024",8:50 am,5:16 pm,Yes
Meridel,"Aug. 25, 2024",6:13 am,10:41 pm,No
Bethany,"Aug. 26, 2024",9:29 am,8:58 pm,Yes
Tracee,"Aug. 26, 2024",9:18 am,5:28 pm,Yes
Louisette,"Aug. 26, 2024",7:57 am,3:29 pm,No
Ethelda,"Aug. 26, 2024",10:23 am,5:30 pm,Yes
Nickey,"Aug. 25, 2024",6:49 am,10:20 pm,No
Kevina,"Aug. 26, 2024",7:00 am,8:23 pm,No
Heath,"Aug. 26, 2024",8:01 am,6:16 pm,Yes
Wesley,"Aug. 25, 2024",5:14 am,3:50 pm,No
Donavon,"Aug. 25, 2024",5:59 am,8:13 pm,No
Derek,"Aug. 25, 2024",9:40 am,6:16 pm,Yes
Kriste,"Aug. 25, 2024",10:23 am,8:26 pm,Yes
Carley,"Aug. 25, 2024",7:50 am,9:50 pm,No
Nicky,"Aug. 25, 2024",6:15 am,6:49 pm,No
Carol,"Aug. 25, 2024",10:57 am,6:54 pm,Yes
Akim,"Aug. 25, 2024",7:16 am,6:01 pm,No
Deni,"Aug. 26, 2024",9:48 am,3:45 pm,Yes
Myrle,"Aug. 25, 2024",10:51 am,5:39 pm,Yes
Brynn,"Aug. 25, 2024",6:42 am,9:58 pm,No
Burtie,"Aug. 25, 2024",8:38 am,10:16 pm,Yes
Bonnie,"Aug. 26, 2024",9:56 am,7:48 pm,Yes
Peta,"Aug. 25, 2024",8:22 am,5:35 pm,Yes
Herminia,"Aug. 25, 2024",6:18 am,8:04 pm,No
Mirelle,"Aug. 26, 2024",10:24 am,9:42 pm,Yes
Steffane,"Aug. 26, 2024",11:03 am,9:30 pm,Yes
Quinton,"Aug. 25, 2024",5:04 am,5:31 pm,No
Andriette,"Aug. 25, 2024",6:27 am,5:18 pm,No
Hadrian,"Aug. 25, 2024",6:11 am,6:06 pm,No
Arliene,"Aug. 25, 2024",8:28 am,4:38 pm,Yes
Rip,"Aug. 26, 2024",9:16 am,5:14 pm,Yes
Jacky,"Aug. 25, 2024",5:19 am,6:48 pm,No
Raimondo,"Aug. 26, 2024",8:36 am,7:18 pm,Yes
Spencer,"Aug. 26, 2024",5:02 am,6:06 pm,No
Talbert,"Aug. 26, 2024",5:33 am,4:17 pm,No
Hubert,"Aug. 25, 2024",10:40 am,9:32 pm,Yes
Glori,"Aug. 25, 2024",6:23 am,10:35 pm,No
Babara,"Aug. 25, 2024",8:15 am,6:09 pm,Yes
Erasmus,"Aug. 25, 2024",10:34 am,5:46 pm,Yes
Gayel,"Aug. 26, 2024",6:03 am,9:39 pm,No
Curr,"Aug. 25, 2024",6:52 am,4:10 pm,No
Aeriell,"Aug. 26, 2024",7:33 am,4:49 pm,No
Freida,"Aug. 26, 2024",7:20 am,10:43 pm,No
Tasha,"Aug. 26, 2024",8:42 am,5:39 pm,Yes
Ferris,"Aug. 26, 2024",7:09 am,8:31 pm,No
Winny,"Aug. 25, 2024",6:25 am,3:57 pm,No
Zorah,"Aug. 25, 2024",6:31 am,9:18 pm,No
Marlo,"Aug. 25, 2024",8:22 am,5:20 pm,Yes
Johnathan,"Aug. 26, 2024",7:36 am,6:50 pm,No
Bettine,"Aug. 26, 2024",8:21 am,5:44 pm,Yes
Fredelia,"Aug. 26, 2024",10:24 am,5:53 pm,Yes
Ephrem,"Aug. 25, 2024",8:30 am,10:18 pm,Yes
Putnam,"Aug. 25, 2024",6:33 am,4:47 pm,No
Peggie,"Aug. 26, 2024",8:41 am,9:44 pm,Yes
Jamal,"Aug. 26, 2024",8:24 am,10:29 pm,Yes
Cosmo,"Aug. 26, 2024",7:47 am,10:07 pm,No
Patten,"Aug. 26, 2024",5:23 am,4:11 pm,No
Donelle,"Aug. 26, 2024",6:23 am,8:11 pm,No
Reilly,"Aug. 25, 2024",9:47 am,4:01 pm,Yes
Donaugh,"Aug. 26, 2024",10:14 am,8:04 pm,Yes
Pauli,"Aug. 26, 2024",7:44 am,5:06 pm,No
Cris,"Aug. 25, 2024",8:35 am,9:19 pm,Yes
Lainey,"Aug. 25, 2024",7:37 am,7:12 pm,No
Kamila,"Aug. 25, 2024",8:58 am,4:02 pm,Yes
Atlanta,"Aug. 26, 2024",5:23 am,6:23 pm,No
Ina,"Aug. 25, 2024",10:23 am,5:31 pm,Yes
Trenna,"Aug. 25, 2024",6:25 am,5:15 pm,No
Mariann,"Aug. 25, 2024",9:48 am,3:43 pm,Yes
Curt,"Aug. 26, 2024",10:07 am,5:28 pm,Yes
Cassie,"Aug. 25, 2024",10:05 am,5:54 pm,Yes
Brendan,"Aug. 26, 2024",7:39 am,5:10 pm,No
Mirabel,"Aug. 25, 2024",8:43 am,9:05 pm,Yes
Dilan,"Aug. 26, 2024",7:04 am,9:28 pm,No
Carine,"Aug. 25, 2024",9:09 am,10:41 pm,Yes
Darleen,"Aug. 26, 2024",7:43 am,4:24 pm,No
Odilia,"Aug. 26, 2024",6:49 am,9:09 pm,No
Melisenda,"Aug. 26, 2024",6:16 am,3:39 pm,No
Isaiah,"Aug. 26, 2024",6:03 am,6:11 pm,No
Benny,"Aug. 26, 2024",8:33 am,7:45 pm,Yes
Corella,"Aug. 25, 2024",5:45 am,7:59 pm,No
Tricia,"Aug. 25, 2024",10:36 am,6:39 pm,Yes
Crystie,"Aug. 26, 2024",11:08 am,7:32 pm,Yes
Fleur,"Aug. 26, 2024",11:00 am,4:40 pm,Yes
Letizia,"Aug. 26, 2024",8:36 am,7:25 pm,Yes
Clerc,"Aug. 26, 2024",8:35 am,4:10 pm,Yes
Ripley,"Aug. 26, 2024",7:47 am,4:05 pm,No
Uriah,"Aug. 26, 2024",11:04 am,6:08 pm,Yes
Edithe,"Aug. 26, 2024",8:42 am,7:31 pm,Yes
Pansy,"Aug. 26, 2024",8:02 am,7:28 pm,Yes
Ellette,"Aug. 25, 2024",10:17 am,9:59 pm,Yes
Shannah,"Aug. 26, 2024",5:41 am,8:14 pm,No
Christin,"Aug. 26, 2024",9:15 am,8:16 pm,Yes
Anna-maria,"Aug. 25, 2024",5:43 am,6:00 pm,No
Evan,"Aug. 26, 2024",7:18 am,7:06 pm,No
Frasquito,"Aug. 26, 2024",10:29 am,7:41 pm,Yes
Merrili,"Aug. 25, 2024",7:39 am,10:43 pm,No
Daisey,"Aug. 25, 2024",5:27 am,6:28 pm,No
Loretta,"Aug. 25, 2024",6:10 am,8:32 pm,No
Ginger,"Aug. 26, 2024",9:41 am,7:05 pm,Yes
Ida,"Aug. 25, 2024",8:11 am,5:28 pm,Yes
Gayle,"Aug. 26, 2024",6:18 am,7:25 pm,No
Barbey,"Aug. 26, 2024",7:57 am,5:22 pm,No
Denney,"Aug. 25, 2024",6:32 am,7:35 pm,No
Agnola,"Aug. 25, 2024",7:19 am,10:43 pm,No
Keriann,"Aug. 26, 2024",8:15 am,4:41 pm,Yes
Drona,"Aug. 26, 2024",9:14 am,8:29 pm,Yes
Torrence,"Aug. 25, 2024",7:57 am,4:45 pm,No
Darci,"Aug. 26, 2024",10:16 am,9:49 pm,Yes
Ingelbert,"Aug. 26, 2024",8:46 am,8:17 pm,Yes
Cara,"Aug. 25, 2024",6:34 am,5:45 pm,No
Konrad,"Aug. 25, 2024",7:18 am,9:05 pm,No
Yanaton,"Aug. 26, 2024",5:37 am,8:37 pm,No
Gabriel,"Aug. 25, 2024",9:20 am,8:26 pm,Yes
Drugi,"Aug. 26, 2024",8:26 am,6:25 pm,Yes
Doyle,"Aug. 26, 2024",7:54 am,9:07 pm,No
Rivi,"Aug. 26, 2024",5:36 am,7:20 pm,No
Richard,"Aug. 25, 2024",7:15 am,6:12 pm,No
Nicolle,"Aug. 26, 2024",5:03 am,5:12 pm,No
Caressa,"Aug. 26, 2024",9:10 am,5:46 pm,Yes
Lowrance,"Aug. 26, 2024",8:01 am,6:32 pm,Yes
Consalve,"Aug. 26, 2024",9:56 am,5:31 pm,Yes
Lou,"Aug. 25, 2024",6:17 am,5:56 pm,No
Ingeberg,"Aug. 26, 2024",7:58 am,8:35 pm,No
Giff,"Aug. 26, 2024",7:45 am,4:50 pm,No
Tabbatha,"Aug. 25, 2024",9:56 am,10:08 pm,Yes
Ranee,"Aug. 26, 2024",6:19 am,8:57 pm,No
Cyrille,"Aug. 25, 2024",10:43 am,6:24 pm,Yes
Gottfried,"Aug. 26, 2024",9:41 am,10:05 pm,Yes
Sherrie,"Aug. 26, 2024",6:00 am,3:52 pm,No
Quintilla,"Aug. 25, 2024",5:39 am,6:50 pm,No
Annabela,"Aug. 25, 2024",5:37 am,9:36 pm,No
Christos,"Aug. 25, 2024",7:37 am,9:03 pm,No
Carmencita,"Aug. 26, 2024",10:51 am,9:36 pm,Yes
Cynthy,"Aug. 26, 2024",6:10 am,7:26 pm,No
Darren,"Aug. 25, 2024",5:32 am,10:04 pm,No
Dunn,"Aug. 26, 2024",8:48 am,7:24 pm,Yes
Arlan,"Aug. 25, 2024",10:59 am,4:57 pm,Yes
Gregg,"Aug. 25, 2024",10:58 am,6:35 pm,Yes
Jean,"Aug. 25, 2024",6:50 am,4:34 pm,No
Aurora,"Aug. 26, 2024",9:44 am,9:53 pm,Yes
Zara,"Aug. 25, 2024",9:12 am,8:07 pm,Yes
Keith,"Aug. 25, 2024",10:54 am,6:18 pm,Yes
Rhianon,"Aug. 25, 2024",6:45 am,5:10 pm,No
Mordecai,"Aug. 25, 2024",10:15 am,3:43 pm,Yes
Faye,"Aug. 25, 2024",8:06 am,4:23 pm,Yes
Juliann,"Aug. 25, 2024",5:36 am,3:31 pm,No
Mureil,"Aug. 25, 2024",10:13 am,10:10 pm,Yes
Carlie,"Aug. 26, 2024",10:44 am,8:06 pm,Yes
Maryellen,"Aug. 25, 2024",6:51 am,10:26 pm,No
Cathleen,"Aug. 25, 2024",9:39 am,10:43 pm,Yes
Wendel,"Aug. 26, 2024",7:26 am,3:39 pm,No
Elizabet,"Aug. 25, 2024",10:09 am,5:53 pm,Yes
Osbourn,"Aug. 25, 2024",6:49 am,6:10 pm,No
Wynn,"Aug. 26, 2024",5:15 am,10:13 pm,No
Oliviero,"Aug. 26, 2024",10:34 am,10:40 pm,Yes
Fletch,"Aug. 26, 2024",9:29 am,3:52 pm,Yes
Gypsy,"Aug. 26, 2024",5:26 am,9:51 pm,No
Fiona,"Aug. 25, 2024",10:55 am,7:06 pm,Yes
Selig,"Aug. 26, 2024",10:40 am,5:51 pm,Yes
Kelley,"Aug. 26, 2024",5:23 am,7:52 pm,No
Elfie,"Aug. 26, 2024",5:16 am,4:21 pm,No
Charmane,"Aug. 25, 2024",7:43 am,7:15 pm,No
Billi,"Aug. 25, 2024",5:44 am,7:29 pm,No
Sarette,"Aug. 25, 2024",5:20 am,5:27 pm,No
Odelle,"Aug. 26, 2024",7:16 am,3:51 pm,No
Merrel,"Aug. 25, 2024",10:23 am,7:14 pm,Yes
Hadrian,"Aug. 26, 2024",9:06 am,7:54 pm,Yes
Dorena,"Aug. 26, 2024",8:31 am,5:51 pm,Yes
Hebert,"Aug. 25, 2024",7:21 am,7:20 pm,No
Jobie,"Aug. 25, 2024",9:57 am,8:11 pm,Yes
Osmund,"Aug. 25, 2024",9:58 am,8:26 pm,Yes
Jake,"Aug. 25, 2024",10:26 am,7:23 pm,Yes
Clarke,"Aug. 26, 2024",6:29 am,6:38 pm,No
Wilmar,"Aug. 26, 2024",6:43 am,4:35 pm,No
Ninnetta,"Aug. 25, 2024",10:59 am,8:42 pm,Yes
Fanchon,"Aug. 25, 2024",10:32 am,10:44 pm,Yes
Nicola,"Aug. 26, 2024",9:35 am,9:08 pm,Yes
Shurlocke,"Aug. 26, 2024",10:00 am,7:47 pm,Yes
Yance,"Aug. 25, 2024",6:47 am,8:00 pm,No
Early,"Aug. 25, 2024",8:10 am,5:51 pm,Yes
Michaella,"Aug. 26, 2024",10:38 am,9:21 pm,Yes
Dulcia,"Aug. 25, 2024",7:42 am,6:21 pm,No
Alex,"Aug. 26, 2024",5:55 am,7:36 pm,No
Vassily,"Aug. 26, 2024",6:24 am,8:44 pm,No
Vevay,"Aug. 26, 2024",10:09 am,8:29 pm,Yes
Alexandrina,"Aug. 26, 2024",8:07 am,4:56 pm,Yes
Gav,"Aug. 26, 2024",8:17 am,7:52 pm,Yes
Gunter,"Aug. 26, 2024",7:50 am,3:52 pm,No
Zacharias,"Aug. 25, 2024",5:06 am,9:23 pm,No
Yolanthe,"Aug. 25, 2024",5:13 am,8:03 pm,No
Stearne,"Aug. 26, 2024",5:21 am,4:09 pm,No
Benyamin,"Aug. 26, 2024",8:43 am,7:17 pm,Yes
Ardisj,"Aug. 26, 2024",9:25 am,10:40 pm,Yes
Charisse,"Aug. 25, 2024",5:07 am,10:33 pm,No
Galvan,"Aug. 26, 2024",6:17 am,9:41 pm,No
Benjamen,"Aug. 26, 2024",11:00 am,5:53 pm,Yes
Chariot,"Aug. 25, 2024",9:41 am,4:43 pm,Yes
Darill,"Aug. 26, 2024",10:23 am,8:36 pm,Yes
Jim,"Aug. 25, 2024",9:58 am,9:22 pm,Yes
Blanche,"Aug. 26, 2024",10:05 am,3:56 pm,Yes
Bradney,"Aug. 25, 2024",5:13 am,5:41 pm,No
Katy,"Aug. 26, 2024",9:25 am,9:40 pm,Yes
Cordelia,"Aug. 25, 2024",8:22 am,4:31 pm,Yes
Sande,"Aug. 26, 2024",6:56 am,4:57 pm,No
Loy,"Aug. 26, 2024",9:08 am,6:41 pm,Yes
Letitia,"Aug. 26, 2024",6:00 am,8:50 pm,No
Maryl,"Aug. 25, 2024",10:51 am,10:34 pm,Yes
Franciska,"Aug. 26, 2024",7:40 am,3:46 pm,No
Papageno,"Aug. 26, 2024",10:25 am,7:52 pm,Yes
Con,"Aug. 25, 2024",7:20 am,5:13 pm,No
Cathyleen,"Aug. 25, 2024",6:56 am,7:12 pm,No
Karel,"Aug. 26, 2024",8:04 am,9:22 pm,Yes
Catherine,"Aug. 25, 2024",9:31 am,7:32 pm,Yes
Whitaker,"Aug. 25, 2024",9:21 am,8:52 pm,Yes
Jackquelin,"Aug. 26, 2024",11:03 am,7:00 pm,Yes
Abel,"Aug. 26, 2024",9:53 am,10:15 pm,Yes
Collin,"Aug. 25, 2024",6:41 am,5:09 pm,No
Zebulen,"Aug. 25, 2024",6:09 am,8:57 pm,No
Jermain,"Aug. 25, 2024",6:27 am,6:50 pm,No
Giff,"Aug. 26, 2024",9:44 am,8:44 pm,Yes
Rivkah,"Aug. 25, 2024",10:17 am,9:30 pm,Yes
Tailor,"Aug. 25, 2024",8:09 am,8:09 pm,Yes
Filberto,"Aug. 26, 2024",7:44 am,10:17 pm,No
Willi,"Aug. 26, 2024",5:30 am,8:58 pm,No
Gilligan,"Aug. 25, 2024",6:05 am,4:19 pm,No
Torry,"Aug. 25, 2024",6:03 am,7:39 pm,No
Boyce,"Aug. 25, 2024",9:15 am,6:16 pm,Yes
Ram,"Aug. 26, 2024",7:10 am,6:49 pm,No
Dodie,"Aug. 25, 2024",7:53 am,10:21 pm,No
Nathalia,"Aug. 26, 2024",8:40 am,8:29 pm,Yes
Annissa,"Aug. 25, 2024",7:50 am,8:47 pm,No
Alan,"Aug. 26, 2024",8:24 am,4:43 pm,Yes
Tawsha,"Aug. 26, 2024",10:13 am,7:38 pm,Yes
Cherish,"Aug. 26, 2024",5:51 am,7:17 pm,No
Truda,"Aug. 26, 2024",8:46 am,6:10 pm,Yes
Adan,"Aug. 26, 2024",8:30 am,10:20 pm,Yes
Jayme,"Aug. 26, 2024",6:59 am,5:21 pm,No
Beverley,"Aug. 25, 2024",5:45 am,4:33 pm,No
Faina,"Aug. 26, 2024",9:54 am,4:47 pm,Yes
Raychel,"Aug. 25, 2024",10:03 am,6:53 pm,Yes
Aldous,"Aug. 26, 2024",10:50 am,5:09 pm,Yes
Bob,"Aug. 26, 2024",10:04 am,8:24 pm,Yes
Dalli,"Aug. 26, 2024",8:08 am,8:20 pm,Yes
Keelia,"Aug. 25, 2024",8:27 am,8:34 pm,Yes
